{
    "BTC-USD": {
        "mape": 36.39200024261582,
        "directional_accuracy": 36.986301369863014,
        "predictions": [
            17698.951666666668,
            19099.504354166664,
            19786.520827473956,
            23091.259312500002,
            22942.0904609375,
            21997.643325,
            22533.3244609375,
            21559.0566125,
            21634.051541666668,
            18620.65888736979,
            18912.856256510415,
            18346.581549479164,
            18382.018548177082,
            18399.10784505208,
            18622.623222656246,
            20518.601075520834,
            18276.870110026037,
            19161.523192057288,
            20320.29002408854,
            21518.533203776038,
            22995.499480468745,
            25073.993619791665,
            25617.315390624997,
            23020.613770833334,
            25339.60716666667,
            28649.81091145833,
            28318.743611979164,
            28830.16429557291,
            29205.277928385414,
            30532.113190104166,
            30060.431497395828,
            29970.697330729163,
            29781.499088541663,
            29410.167505208326,
            31084.419600260415,
            36299.84051354167,
            38357.48589791667,
            42914.28283333333,
            47801.71502604166,
            47919.756536458335,
            47260.18408854166,
            46964.81598958333,
            45702.993984374996,
            44750.77869791666,
            44152.17515624999,
            42865.364861979164,
            45634.50317708333,
            46812.272591145826,
            47941.867877604156,
            47636.34795572916,
            46585.76216145833,
            43420.1430078125,
            43349.17106770833,
            40832.730552083325,
            41352.87449609375,
            42152.31989192708,
            42248.231177083326,
            42110.50011458333,
            41067.22714973958,
            40291.27633333333,
            41765.797135416666,
            43320.56947916666,
            39685.74970052083,
            41687.742578125,
            40626.916846354165,
            43390.363515625,
            44390.40192708333,
            43217.07918098958,
            46014.69113281249,
            45460.591279947905,
            48718.066460937494,
            52552.162572916655,
            56855.4268828125
        ],
        "actuals": [
            29356.91796875,
            29042.126953125,
            29415.96484375,
            26096.205078125,
            26008.462890625,
            25868.798828125,
            25895.677734375,
            26568.28125,
            26579.390625,
            26967.916015625,
            27968.83984375,
            26861.70703125,
            29918.412109375,
            34089.57421875,
            35082.1953125,
            37138.05078125,
            36585.703125,
            37796.79296875,
            39476.33203125,
            43725.984375,
            42240.1171875,
            43739.54296875,
            42156.90234375,
            43989.1953125,
            42842.3828125,
            41665.5859375,
            42120.0546875,
            42992.25,
            47771.27734375,
            51662.99609375,
            51571.1015625,
            62029.84765625,
            68498.8828125,
            65315.1171875,
            64062.203125,
            63821.47265625,
            64994.44140625,
            63419.140625,
            63891.47265625,
            60793.7109375,
            66940.8046875,
            69265.9453125,
            67706.9375,
            69305.7734375,
            66191.0,
            64252.578125,
            60887.37890625,
            58303.5390625,
            59231.953125,
            67163.6484375,
            67813.3359375,
            60680.09375,
            60945.8125,
            59478.97265625,
            64178.9921875,
            58969.8984375,
            54139.6875,
            60005.12109375,
            63394.83984375,
            65887.6484375,
            62089.94921875,
            63193.0234375,
            68362.734375,
            67014.6953125,
            69289.2734375,
            76778.8671875,
            90558.4765625,
            97777.28125,
            96449.0546875,
            99923.3359375,
            101372.96875,
            97224.7265625,
            95163.9296875
        ],
        "dates": [
            "2023-07-29",
            "2023-08-05",
            "2023-08-12",
            "2023-08-19",
            "2023-08-26",
            "2023-09-02",
            "2023-09-09",
            "2023-09-16",
            "2023-09-23",
            "2023-09-30",
            "2023-10-07",
            "2023-10-14",
            "2023-10-21",
            "2023-10-28",
            "2023-11-04",
            "2023-11-11",
            "2023-11-18",
            "2023-11-25",
            "2023-12-02",
            "2023-12-09",
            "2023-12-16",
            "2023-12-23",
            "2023-12-30",
            "2024-01-06",
            "2024-01-13",
            "2024-01-20",
            "2024-01-27",
            "2024-02-03",
            "2024-02-10",
            "2024-02-17",
            "2024-02-24",
            "2024-03-02",
            "2024-03-09",
            "2024-03-16",
            "2024-03-23",
            "2024-04-13",
            "2024-04-20",
            "2024-04-27",
            "2024-05-04",
            "2024-05-11",
            "2024-05-18",
            "2024-05-25",
            "2024-06-01",
            "2024-06-08",
            "2024-06-15",
            "2024-06-22",
            "2024-06-29",
            "2024-07-06",
            "2024-07-13",
            "2024-07-20",
            "2024-07-27",
            "2024-08-03",
            "2024-08-10",
            "2024-08-17",
            "2024-08-24",
            "2024-08-31",
            "2024-09-07",
            "2024-09-14",
            "2024-09-21",
            "2024-09-28",
            "2024-10-05",
            "2024-10-12",
            "2024-10-19",
            "2024-10-26",
            "2024-11-02",
            "2024-11-09",
            "2024-11-16",
            "2024-11-23",
            "2024-11-30",
            "2024-12-07",
            "2024-12-14",
            "2024-12-21",
            "2024-12-28"
        ],